image_name,xmin,ymin,xmax,ymax
image_name_1.jpg,50,30,250,200
image_name_2.jpg,50,30,250,200
image_name_3.jpg,50,30,250,200
image_name_4.jpg,50,30,250,200
image_name_5.jpg,50,30,250,200
image_name_6.jpg,50,30,250,200
image_name_7.jpg,50,30,250,200
image_name_8.jpg,50,30,250,200
image_name_9.jpg,50,30,250,200
image_name_10.jpg,50,30,250,200
image_name_11.jpg,50,30,250,200
image_name_12.jpg,50,30,250,200
image_name_13.jpg,50,30,250,200
image_name_14.jpg,50,30,250,200
image_name_15.jpg,50,30,250,200
image_name_16.jpg,50,30,250,200
image_name_17.jpg,50,30,250,200
image_name_18.jpg,50,30,250,200
image_name_19.jpg,50,30,250,200
image_name_20.jpg,50,30,250,200
image_name_21.jpg,50,30,250,200
image_name_22.jpg,50,30,250,200
image_name_23.jpg,50,30,250,200
image_name_24.jpg,50,30,250,200
image_name_25.jpg,50,30,250,200
image_name_26.jpg,50,30,250,200
image_name_27.jpg,50,30,250,200
image_name_28.jpg,50,30,250,200
image_name_29.jpg,50,30,250,200
image_name_30.jpg,50,30,250,200
image_name_31.jpg,50,30,250,200
image_name_32.jpg,50,30,250,200
image_name_33.jpg,50,30,250,200
image_name_34.jpg,50,30,250,200
image_name_35.jpg,50,30,250,200
image_name_36.jpg,50,30,250,200
image_name_37.jpg,50,30,250,200
image_name_38.jpg,50,30,250,200
image_name_39.jpg,50,30,250,200
image_name_40.jpg,50,30,250,200
image_name_41.jpg,50,30,250,200
image_name_42.jpg,50,30,250,200
image_name_43.jpg,50,30,250,200
image_name_44.jpg,50,30,250,200
image_name_45.jpg,50,30,250,200
image_name_46.jpg,50,30,250,200
image_name_47.jpg,50,30,250,200
image_name_48.jpg,50,30,250,200
image_name_49.jpg,50,30,250,200
image_name_50.jpg,50,30,250,200
image_name_51.jpg,50,30,250,200
image_name_52.jpg,50,30,250,200
image_name_53.jpg,50,30,250,200
image_name_54.jpg,50,30,250,200
image_name_55.jpg,50,30,250,200
image_name_56.jpg,50,30,250,200
image_name_57.jpg,50,30,250,200
image_name_58.jpg,50,30,250,200
image_name_59.jpg,50,30,250,200
image_name_60.jpg,50,30,250,200
image_name_61.jpg,50,30,250,200
image_name_62.jpg,50,30,250,200
image_name_63.jpg,50,30,250,200
image_name_64.jpg,50,30,250,200
image_name_65.jpg,50,30,250,200
image_name_66.jpg,50,30,250,200
image_name_67.jpg,50,30,250,200
image_name_68.jpg,50,30,250,200
image_name_69.jpg,50,30,250,200
image_name_70.jpg,50,30,250,200
image_name_71.jpg,50,30,250,200
image_name_72.jpg,50,30,250,200
image_name_73.jpg,50,30,250,200
image_name_74.jpg,50,30,250,200
image_name_75.jpg,50,30,250,200
image_name_76.jpg,50,30,250,200
image_name_77.jpg,50,30,250,200
image_name_78.jpg,50,30,250,200
image_name_79.jpg,50,30,250,200
image_name_80.jpg,50,30,250,200
image_name_81.jpg,50,30,250,200
image_name_82.jpg,50,30,250,200
image_name_83.jpg,50,30,250,200
image_name_84.jpg,50,30,250,200
image_name_85.jpg,50,30,250,200
image_name_86.jpg,50,30,250,200
image_name_87.jpg,50,30,250,200
image_name_88.jpg,50,30,250,200
image_name_89.jpg,50,30,250,200
image_name_90.jpg,50,30,250,200
image_name_91.jpg,50,30,250,200
image_name_92.jpg,50,30,250,200
image_name_93.jpg,50,30,250,200
image_name_94.jpg,50,30,250,200
image_name_95.jpg,50,30,250,200
image_name_96.jpg,50,30,250,200
image_name_97.jpg,50,30,250,200
image_name_98.jpg,50,30,250,200
image_name_99.jpg,50,30,250,200
image_name_100.jpg,50,30,250,200
image_name_101.jpg,50,30,250,200
image_name_102.jpg,50,30,250,200
image_name_103.jpg,50,30,250,200
image_name_104.jpg,50,30,250,200
image_name_105.jpg,50,30,250,200
image_name_106.jpg,50,30,250,200
image_name_107.jpg,50,30,250,200
image_name_108.jpg,50,30,250,200
image_name_109.jpg,50,30,250,200
image_name_110.jpg,50,30,250,200
image_name_111.jpg,50,30,250,200
image_name_112.jpg,50,30,250,200
image_name_113.jpg,50,30,250,200
image_name_114.jpg,50,30,250,200
image_name_115.jpg,50,30,250,200
image_name_116.jpg,50,30,250,200
image_name_117.jpg,50,30,250,200
image_name_118.jpg,50,30,250,200
image_name_119.jpg,50,30,250,200
image_name_120.jpg,50,30,250,200
image_name_121.jpg,50,30,250,200
image_name_122.jpg,50,30,250,200
image_name_123.jpg,50,30,250,200
image_name_124.jpg,50,30,250,200
image_name_125.jpg,50,30,250,200
image_name_126.jpg,50,30,250,200
image_name_127.jpg,50,30,250,200
image_name_128.jpg,50,30,250,200
image_name_129.jpg,50,30,250,200
image_name_130.jpg,50,30,250,200
image_name_131.jpg,50,30,250,200
image_name_132.jpg,50,30,250,200
image_name_133.jpg,50,30,250,200
image_name_134.jpg,50,30,250,200
image_name_135.jpg,50,30,250,200
image_name_136.jpg,50,30,250,200
image_name_137.jpg,50,30,250,200
image_name_138.jpg,50,30,250,200
image_name_139.jpg,50,30,250,200
image_name_140.jpg,50,30,250,200
image_name_141.jpg,50,30,250,200
image_name_142.jpg,50,30,250,200
image_name_143.jpg,50,30,250,200
image_name_144.jpg,50,30,250,200
image_name_145.jpg,50,30,250,200
image_name_146.jpg,50,30,250,200
image_name_147.jpg,50,30,250,200
image_name_148.jpg,50,30,250,200
image_name_149.jpg,50,30,250,200
image_name_150.jpg,50,30,250,200
image_name_151.jpg,50,30,250,200
image_name_152.jpg,50,30,250,200
image_name_153.jpg,50,30,250,200
image_name_154.jpg,50,30,250,200
image_name_155.jpg,50,30,250,200
image_name_156.jpg,50,30,250,200
image_name_157.jpg,50,30,250,200
image_name_158.jpg,50,30,250,200
image_name_159.jpg,50,30,250,200
image_name_160.jpg,50,30,250,200
image_name_161.jpg,50,30,250,200
image_name_162.jpg,50,30,250,200
image_name_163.jpg,50,30,250,200
image_name_164.jpg,50,30,250,200
image_name_165.jpg,50,30,250,200
image_name_166.jpg,50,30,250,200
image_name_167.jpg,50,30,250,200
image_name_168.jpg,50,30,250,200
image_name_169.jpg,50,30,250,200
image_name_170.jpg,50,30,250,200
image_name_171.jpg,50,30,250,200
image_name_172.jpg,50,30,250,200
image_name_173.jpg,50,30,250,200
image_name_174.jpg,50,30,250,200
image_name_175.jpg,50,30,250,200
image_name_176.jpg,50,30,250,200
image_name_177.jpg,50,30,250,200
image_name_178.jpg,50,30,250,200
image_name_179.jpg,50,30,250,200
image_name_180.jpg,50,30,250,200
image_name_181.jpg,50,30,250,200
image_name_182.jpg,50,30,250,200
image_name_183.jpg,50,30,250,200
image_name_184.jpg,50,30,250,200
image_name_185.jpg,50,30,250,200
image_name_186.jpg,50,30,250,200
image_name_187.jpg,50,30,250,200
image_name_188.jpg,50,30,250,200
image_name_189.jpg,50,30,250,200
image_name_190.jpg,50,30,250,200
image_name_191.jpg,50,30,250,200
image_name_192.jpg,50,30,250,200
image_name_193.jpg,50,30,250,200
image_name_194.jpg,50,30,250,200
image_name_195.jpg,50,30,250,200
image_name_196.jpg,50,30,250,200
image_name_197.jpg,50,30,250,200
image_name_198.jpg,50,30,250,200
image_name_199.jpg,50,30,250,200
image_name_200.jpg,50,30,250,200
image_name_201.jpg,50,30,250,200
image_name_202.jpg,50,30,250,200
image_name_203.jpg,50,30,250,200
image_name_204.jpg,50,30,250,200
image_name_205.jpg,50,30,250,200
image_name_206.jpg,50,30,250,200
image_name_207.jpg,50,30,250,200
image_name_208.jpg,50,30,250,200
image_name_209.jpg,50,30,250,200
image_name_210.jpg,50,30,250,200
image_name_211.jpg,50,30,250,200
image_name_212.jpg,50,30,250,200
image_name_213.jpg,50,30,250,200
image_name_214.jpg,50,30,250,200
image_name_215.jpg,50,30,250,200
image_name_216.jpg,50,30,250,200
image_name_217.jpg,50,30,250,200
image_name_218.jpg,50,30,250,200
image_name_219.jpg,50,30,250,200
image_name_220.jpg,50,30,250,200
image_name_221.jpg,50,30,250,200
image_name_222.jpg,50,30,250,200
image_name_223.jpg,50,30,250,200
image_name_224.jpg,50,30,250,200
image_name_225.jpg,50,30,250,200
image_name_226.jpg,50,30,250,200
image_name_227.jpg,50,30,250,200
image_name_228.jpg,50,30,250,200
image_name_229.jpg,50,30,250,200
image_name_230.jpg,50,30,250,200
image_name_231.jpg,50,30,250,200
image_name_232.jpg,50,30,250,200
image_name_233.jpg,50,30,250,200
image_name_234.jpg,50,30,250,200
image_name_235.jpg,50,30,250,200
image_name_236.jpg,50,30,250,200
image_name_237.jpg,50,30,250,200
image_name_238.jpg,50,30,250,200
image_name_239.jpg,50,30,250,200
image_name_240.jpg,50,30,250,200
image_name_241.jpg,50,30,250,200
image_name_242.jpg,50,30,250,200
image_name_243.jpg,50,30,250,200
image_name_244.jpg,50,30,250,200
image_name_245.jpg,50,30,250,200
image_name_246.jpg,50,30,250,200
image_name_247.jpg,50,30,250,200
image_name_248.jpg,50,30,250,200
image_name_249.jpg,50,30,250,200
image_name_250.jpg,50,30,250,200
image_name_251.jpg,50,30,250,200
image_name_252.jpg,50,30,250,200
image_name_253.jpg,50,30,250,200
image_name_254.jpg,50,30,250,200
image_name_255.jpg,50,30,250,200
image_name_256.jpg,50,30,250,200
image_name_257.jpg,50,30,250,200
image_name_258.jpg,50,30,250,200
image_name_259.jpg,50,30,250,200
image_name_260.jpg,50,30,250,200
image_name_261.jpg,50,30,250,200
image_name_262.jpg,50,30,250,200
image_name_263.jpg,50,30,250,200
image_name_264.jpg,50,30,250,200
image_name_265.jpg,50,30,250,200
image_name_266.jpg,50,30,250,200
image_name_267.jpg,50,30,250,200
image_name_268.jpg,50,30,250,200
image_name_269.jpg,50,30,250,200
image_name_270.jpg,50,30,250,200
image_name_271.jpg,50,30,250,200
image_name_272.jpg,50,30,250,200
image_name_273.jpg,50,30,250,200
image_name_274.jpg,50,30,250,200
image_name_275.jpg,50,30,250,200
image_name_276.jpg,50,30,250,200
image_name_277.jpg,50,30,250,200
image_name_278.jpg,50,30,250,200
image_name_279.jpg,50,30,250,200
image_name_280.jpg,50,30,250,200
image_name_281.jpg,50,30,250,200
image_name_282.jpg,50,30,250,200
image_name_283.jpg,50,30,250,200
image_name_284.jpg,50,30,250,200
image_name_285.jpg,50,30,250,200
image_name_286.jpg,50,30,250,200
image_name_287.jpg,50,30,250,200
image_name_288.jpg,50,30,250,200
image_name_289.jpg,50,30,250,200
image_name_290.jpg,50,30,250,200
image_name_291.jpg,50,30,250,200
image_name_292.jpg,50,30,250,200
image_name_293.jpg,50,30,250,200
image_name_294.jpg,50,30,250,200
image_name_295.jpg,50,30,250,200
image_name_296.jpg,50,30,250,200
image_name_297.jpg,50,30,250,200
image_name_298.jpg,50,30,250,200
image_name_299.jpg,50,30,250,200
image_name_300.jpg,50,30,250,200
image_name_301.jpg,50,30,250,200
image_name_302.jpg,50,30,250,200
image_name_303.jpg,50,30,250,200
image_name_304.jpg,50,30,250,200
image_name_305.jpg,50,30,250,200
image_name_306.jpg,50,30,250,200
image_name_307.jpg,50,30,250,200
image_name_308.jpg,50,30,250,200
image_name_309.jpg,50,30,250,200
image_name_310.jpg,50,30,250,200
image_name_311.jpg,50,30,250,200
image_name_312.jpg,50,30,250,200
image_name_313.jpg,50,30,250,200
image_name_314.jpg,50,30,250,200
image_name_315.jpg,50,30,250,200
image_name_316.jpg,50,30,250,200
image_name_317.jpg,50,30,250,200
image_name_318.jpg,50,30,250,200
image_name_319.jpg,50,30,250,200
image_name_320.jpg,50,30,250,200
image_name_321.jpg,50,30,250,200
image_name_322.jpg,50,30,250,200
image_name_323.jpg,50,30,250,200
image_name_324.jpg,50,30,250,200
image_name_325.jpg,50,30,250,200
image_name_326.jpg,50,30,250,200
image_name_327.jpg,50,30,250,200
image_name_328.jpg,50,30,250,200
image_name_329.jpg,50,30,250,200
image_name_330.jpg,50,30,250,200
image_name_331.jpg,50,30,250,200
image_name_332.jpg,50,30,250,200
image_name_333.jpg,50,30,250,200
image_name_334.jpg,50,30,250,200
image_name_335.jpg,50,30,250,200
image_name_336.jpg,50,30,250,200
image_name_337.jpg,50,30,250,200
image_name_338.jpg,50,30,250,200
image_name_339.jpg,50,30,250,200
image_name_340.jpg,50,30,250,200
image_name_341.jpg,50,30,250,200
image_name_342.jpg,50,30,250,200
image_name_343.jpg,50,30,250,200
image_name_344.jpg,50,30,250,200
image_name_345.jpg,50,30,250,200
image_name_346.jpg,50,30,250,200
image_name_347.jpg,50,30,250,200
image_name_348.jpg,50,30,250,200
image_name_349.jpg,50,30,250,200
image_name_350.jpg,50,30,250,200
image_name_351.jpg,50,30,250,200
image_name_352.jpg,50,30,250,200
image_name_353.jpg,50,30,250,200
image_name_354.jpg,50,30,250,200
image_name_355.jpg,50,30,250,200
image_name_356.jpg,50,30,250,200
image_name_357.jpg,50,30,250,200
image_name_358.jpg,50,30,250,200
image_name_359.jpg,50,30,250,200
image_name_360.jpg,50,30,250,200
image_name_361.jpg,50,30,250,200
image_name_362.jpg,50,30,250,200
image_name_363.jpg,50,30,250,200
image_name_364.jpg,50,30,250,200
image_name_365.jpg,50,30,250,200
image_name_366.jpg,50,30,250,200
image_name_367.jpg,50,30,250,200
image_name_368.jpg,50,30,250,200
image_name_369.jpg,50,30,250,200
image_name_370.jpg,50,30,250,200
image_name_371.jpg,50,30,250,200
image_name_372.jpg,50,30,250,200
image_name_373.jpg,50,30,250,200
image_name_374.jpg,50,30,250,200
image_name_375.jpg,50,30,250,200
image_name_376.jpg,50,30,250,200
image_name_377.jpg,50,30,250,200
image_name_378.jpg,50,30,250,200
image_name_379.jpg,50,30,250,200
image_name_380.jpg,50,30,250,200
image_name_381.jpg,50,30,250,200
image_name_382.jpg,50,30,250,200
image_name_383.jpg,50,30,250,200
image_name_384.jpg,50,30,250,200
image_name_385.jpg,50,30,250,200
image_name_386.jpg,50,30,250,200
image_name_387.jpg,50,30,250,200
image_name_388.jpg,50,30,250,200
image_name_389.jpg,50,30,250,200
image_name_390.jpg,50,30,250,200
image_name_391.jpg,50,30,250,200
image_name_392.jpg,50,30,250,200
image_name_393.jpg,50,30,250,200
image_name_394.jpg,50,30,250,200
image_name_395.jpg,50,30,250,200
image_name_396.jpg,50,30,250,200
image_name_397.jpg,50,30,250,200
image_name_398.jpg,50,30,250,200
image_name_399.jpg,50,30,250,200
image_name_400.jpg,50,30,250,200
image_name_401.jpg,50,30,250,200
image_name_402.jpg,50,30,250,200
image_name_403.jpg,50,30,250,200
image_name_404.jpg,50,30,250,200
image_name_405.jpg,50,30,250,200
image_name_406.jpg,50,30,250,200
image_name_407.jpg,50,30,250,200
image_name_408.jpg,50,30,250,200
image_name_409.jpg,50,30,250,200
image_name_410.jpg,50,30,250,200
image_name_411.jpg,50,30,250,200
image_name_412.jpg,50,30,250,200
image_name_413.jpg,50,30,250,200
image_name_414.jpg,50,30,250,200
image_name_415.jpg,50,30,250,200
image_name_416.jpg,50,30,250,200
image_name_417.jpg,50,30,250,200
image_name_418.jpg,50,30,250,200
image_name_419.jpg,50,30,250,200
image_name_420.jpg,50,30,250,200
image_name_421.jpg,50,30,250,200
image_name_422.jpg,50,30,250,200
image_name_423.jpg,50,30,250,200
image_name_424.jpg,50,30,250,200
image_name_425.jpg,50,30,250,200
image_name_426.jpg,50,30,250,200
image_name_427.jpg,50,30,250,200
image_name_428.jpg,50,30,250,200
image_name_429.jpg,50,30,250,200
image_name_430.jpg,50,30,250,200
image_name_431.jpg,50,30,250,200
image_name_432.jpg,50,30,250,200
image_name_433.jpg,50,30,250,200
image_name_434.jpg,50,30,250,200
image_name_435.jpg,50,30,250,200
image_name_436.jpg,50,30,250,200
image_name_437.jpg,50,30,250,200
image_name_438.jpg,50,30,250,200
image_name_439.jpg,50,30,250,200
image_name_440.jpg,50,30,250,200
image_name_441.jpg,50,30,250,200
image_name_442.jpg,50,30,250,200
image_name_443.jpg,50,30,250,200
image_name_444.jpg,50,30,250,200
image_name_445.jpg,50,30,250,200
image_name_446.jpg,50,30,250,200
image_name_447.jpg,50,30,250,200
image_name_448.jpg,50,30,250,200
image_name_449.jpg,50,30,250,200
image_name_450.jpg,50,30,250,200
image_name_451.jpg,50,30,250,200
image_name_452.jpg,50,30,250,200
image_name_453.jpg,50,30,250,200
image_name_454.jpg,50,30,250,200
image_name_455.jpg,50,30,250,200
image_name_456.jpg,50,30,250,200
image_name_457.jpg,50,30,250,200
image_name_458.jpg,50,30,250,200
image_name_459.jpg,50,30,250,200
image_name_460.jpg,50,30,250,200
image_name_461.jpg,50,30,250,200
image_name_462.jpg,50,30,250,200
image_name_463.jpg,50,30,250,200
image_name_464.jpg,50,30,250,200
image_name_465.jpg,50,30,250,200
image_name_466.jpg,50,30,250,200
image_name_467.jpg,50,30,250,200
image_name_468.jpg,50,30,250,200
image_name_469.jpg,50,30,250,200
image_name_470.jpg,50,30,250,200
image_name_471.jpg,50,30,250,200
image_name_472.jpg,50,30,250,200
image_name_473.jpg,50,30,250,200
image_name_474.jpg,50,30,250,200
image_name_475.jpg,50,30,250,200
image_name_476.jpg,50,30,250,200
image_name_477.jpg,50,30,250,200
image_name_478.jpg,50,30,250,200
image_name_479.jpg,50,30,250,200
image_name_480.jpg,50,30,250,200
image_name_481.jpg,50,30,250,200
image_name_482.jpg,50,30,250,200
image_name_483.jpg,50,30,250,200
image_name_484.jpg,50,30,250,200
image_name_485.jpg,50,30,250,200
image_name_486.jpg,50,30,250,200
image_name_487.jpg,50,30,250,200
image_name_488.jpg,50,30,250,200
image_name_489.jpg,50,30,250,200
image_name_490.jpg,50,30,250,200
image_name_491.jpg,50,30,250,200
image_name_492.jpg,50,30,250,200
image_name_493.jpg,50,30,250,200
image_name_494.jpg,50,30,250,200
image_name_495.jpg,50,30,250,200
image_name_496.jpg,50,30,250,200
image_name_497.jpg,50,30,250,200
image_name_498.jpg,50,30,250,200
image_name_499.jpg,50,30,250,200
image_name_500.jpg,50,30,250,200
image_name_501.jpg,50,30,250,200
image_name_502.jpg,50,30,250,200
image_name_503.jpg,50,30,250,200
image_name_504.jpg,50,30,250,200
image_name_505.jpg,50,30,250,200
image_name_506.jpg,50,30,250,200
image_name_507.jpg,50,30,250,200
image_name_508.jpg,50,30,250,200
image_name_509.jpg,50,30,250,200
image_name_510.jpg,50,30,250,200
image_name_511.jpg,50,30,250,200
image_name_512.jpg,50,30,250,200
image_name_513.jpg,50,30,250,200
image_name_514.jpg,50,30,250,200
image_name_515.jpg,50,30,250,200
image_name_516.jpg,50,30,250,200
image_name_517.jpg,50,30,250,200
image_name_518.jpg,50,30,250,200
image_name_519.jpg,50,30,250,200
image_name_520.jpg,50,30,250,200
image_name_521.jpg,50,30,250,200
image_name_522.jpg,50,30,250,200
image_name_523.jpg,50,30,250,200
image_name_524.jpg,50,30,250,200
image_name_525.jpg,50,30,250,200
image_name_526.jpg,50,30,250,200
image_name_527.jpg,50,30,250,200
image_name_528.jpg,50,30,250,200
image_name_529.jpg,50,30,250,200
image_name_530.jpg,50,30,250,200
image_name_531.jpg,50,30,250,200
image_name_532.jpg,50,30,250,200
image_name_533.jpg,50,30,250,200
image_name_534.jpg,50,30,250,200
image_name_535.jpg,50,30,250,200
image_name_536.jpg,50,30,250,200
image_name_537.jpg,50,30,250,200
image_name_538.jpg,50,30,250,200
image_name_539.jpg,50,30,250,200
image_name_540.jpg,50,30,250,200
image_name_541.jpg,50,30,250,200
image_name_542.jpg,50,30,250,200
image_name_543.jpg,50,30,250,200
image_name_544.jpg,50,30,250,200
image_name_545.jpg,50,30,250,200
image_name_546.jpg,50,30,250,200
image_name_547.jpg,50,30,250,200
image_name_548.jpg,50,30,250,200
image_name_549.jpg,50,30,250,200
image_name_550.jpg,50,30,250,200
image_name_551.jpg,50,30,250,200
image_name_552.jpg,50,30,250,200
image_name_553.jpg,50,30,250,200
image_name_554.jpg,50,30,250,200
image_name_555.jpg,50,30,250,200
image_name_556.jpg,50,30,250,200
image_name_557.jpg,50,30,250,200
image_name_558.jpg,50,30,250,200
image_name_559.jpg,50,30,250,200
image_name_560.jpg,50,30,250,200
image_name_561.jpg,50,30,250,200
image_name_562.jpg,50,30,250,200
image_name_563.jpg,50,30,250,200
image_name_564.jpg,50,30,250,200
image_name_565.jpg,50,30,250,200
image_name_566.jpg,50,30,250,200
image_name_567.jpg,50,30,250,200
image_name_568.jpg,50,30,250,200
image_name_569.jpg,50,30,250,200
image_name_570.jpg,50,30,250,200
image_name_571.jpg,50,30,250,200
image_name_572.jpg,50,30,250,200
image_name_573.jpg,50,30,250,200
image_name_574.jpg,50,30,250,200
image_name_575.jpg,50,30,250,200
image_name_576.jpg,50,30,250,200
image_name_577.jpg,50,30,250,200
image_name_578.jpg,50,30,250,200
image_name_579.jpg,50,30,250,200
image_name_580.jpg,50,30,250,200
image_name_581.jpg,50,30,250,200
image_name_582.jpg,50,30,250,200
image_name_583.jpg,50,30,250,200
image_name_584.jpg,50,30,250,200
image_name_585.jpg,50,30,250,200
image_name_586.jpg,50,30,250,200
image_name_587.jpg,50,30,250,200
image_name_588.jpg,50,30,250,200
image_name_589.jpg,50,30,250,200
image_name_590.jpg,50,30,250,200
image_name_591.jpg,50,30,250,200
image_name_592.jpg,50,30,250,200
image_name_593.jpg,50,30,250,200
image_name_594.jpg,50,30,250,200
image_name_595.jpg,50,30,250,200
image_name_596.jpg,50,30,250,200
image_name_597.jpg,50,30,250,200
image_name_598.jpg,50,30,250,200
image_name_599.jpg,50,30,250,200
image_name_600.jpg,50,30,250,200
image_name_601.jpg,50,30,250,200
image_name_602.jpg,50,30,250,200
image_name_603.jpg,50,30,250,200
image_name_604.jpg,50,30,250,200
image_name_605.jpg,50,30,250,200
image_name_606.jpg,50,30,250,200
image_name_607.jpg,50,30,250,200
image_name_608.jpg,50,30,250,200
image_name_609.jpg,50,30,250,200
image_name_610.jpg,50,30,250,200
image_name_611.jpg,50,30,250,200
image_name_612.jpg,50,30,250,200
image_name_613.jpg,50,30,250,200
image_name_614.jpg,50,30,250,200
image_name_615.jpg,50,30,250,200
image_name_616.jpg,50,30,250,200
image_name_617.jpg,50,30,250,200
image_name_618.jpg,50,30,250,200
image_name_619.jpg,50,30,250,200
image_name_620.jpg,50,30,250,200
image_name_621.jpg,50,30,250,200
image_name_622.jpg,50,30,250,200
image_name_623.jpg,50,30,250,200
image_name_624.jpg,50,30,250,200
image_name_625.jpg,50,30,250,200
image_name_626.jpg,50,30,250,200
image_name_627.jpg,50,30,250,200
image_name_628.jpg,50,30,250,200
image_name_629.jpg,50,30,250,200
image_name_630.jpg,50,30,250,200
image_name_631.jpg,50,30,250,200
image_name_632.jpg,50,30,250,200
image_name_633.jpg,50,30,250,200
image_name_634.jpg,50,30,250,200
image_name_635.jpg,50,30,250,200
image_name_636.jpg,50,30,250,200
image_name_637.jpg,50,30,250,200
image_name_638.jpg,50,30,250,200
image_name_639.jpg,50,30,250,200
image_name_640.jpg,50,30,250,200
image_name_641.jpg,50,30,250,200
image_name_642.jpg,50,30,250,200
image_name_643.jpg,50,30,250,200
image_name_644.jpg,50,30,250,200
image_name_645.jpg,50,30,250,200
image_name_646.jpg,50,30,250,200
image_name_647.jpg,50,30,250,200
image_name_648.jpg,50,30,250,200
image_name_649.jpg,50,30,250,200
image_name_650.jpg,50,30,250,200
image_name_651.jpg,50,30,250,200
image_name_652.jpg,50,30,250,200
image_name_653.jpg,50,30,250,200
image_name_654.jpg,50,30,250,200
image_name_655.jpg,50,30,250,200
image_name_656.jpg,50,30,250,200
image_name_657.jpg,50,30,250,200
image_name_658.jpg,50,30,250,200
image_name_659.jpg,50,30,250,200
image_name_660.jpg,50,30,250,200
image_name_661.jpg,50,30,250,200
image_name_662.jpg,50,30,250,200
image_name_663.jpg,50,30,250,200
image_name_664.jpg,50,30,250,200
image_name_665.jpg,50,30,250,200
image_name_666.jpg,50,30,250,200
image_name_667.jpg,50,30,250,200
image_name_668.jpg,50,30,250,200
image_name_669.jpg,50,30,250,200
image_name_670.jpg,50,30,250,200
image_name_671.jpg,50,30,250,200
image_name_672.jpg,50,30,250,200
image_name_673.jpg,50,30,250,200
image_name_674.jpg,50,30,250,200
image_name_675.jpg,50,30,250,200
image_name_676.jpg,50,30,250,200
image_name_677.jpg,50,30,250,200
image_name_678.jpg,50,30,250,200
image_name_679.jpg,50,30,250,200
image_name_680.jpg,50,30,250,200
image_name_681.jpg,50,30,250,200
image_name_682.jpg,50,30,250,200
image_name_683.jpg,50,30,250,200
image_name_684.jpg,50,30,250,200
image_name_685.jpg,50,30,250,200
image_name_686.jpg,50,30,250,200
image_name_687.jpg,50,30,250,200
image_name_688.jpg,50,30,250,200
image_name_689.jpg,50,30,250,200
image_name_690.jpg,50,30,250,200
image_name_691.jpg,50,30,250,200
image_name_692.jpg,50,30,250,200
image_name_693.jpg,50,30,250,200
image_name_694.jpg,50,30,250,200
image_name_695.jpg,50,30,250,200
image_name_696.jpg,50,30,250,200
image_name_697.jpg,50,30,250,200
image_name_698.jpg,50,30,250,200
image_name_699.jpg,50,30,250,200
image_name_700.jpg,50,30,250,200
image_name_701.jpg,50,30,250,200
image_name_702.jpg,50,30,250,200
image_name_703.jpg,50,30,250,200
image_name_704.jpg,50,30,250,200
image_name_705.jpg,50,30,250,200
image_name_706.jpg,50,30,250,200
image_name_707.jpg,50,30,250,200
image_name_708.jpg,50,30,250,200
image_name_709.jpg,50,30,250,200
image_name_710.jpg,50,30,250,200
image_name_711.jpg,50,30,250,200
image_name_712.jpg,50,30,250,200
image_name_713.jpg,50,30,250,200
image_name_714.jpg,50,30,250,200
image_name_715.jpg,50,30,250,200
image_name_716.jpg,50,30,250,200
image_name_717.jpg,50,30,250,200
image_name_718.jpg,50,30,250,200
image_name_719.jpg,50,30,250,200
image_name_720.jpg,50,30,250,200
image_name_721.jpg,50,30,250,200
image_name_722.jpg,50,30,250,200
image_name_723.jpg,50,30,250,200
image_name_724.jpg,50,30,250,200
image_name_725.jpg,50,30,250,200
image_name_726.jpg,50,30,250,200
image_name_727.jpg,50,30,250,200
image_name_728.jpg,50,30,250,200
image_name_729.jpg,50,30,250,200
image_name_730.jpg,50,30,250,200
image_name_731.jpg,50,30,250,200
image_name_732.jpg,50,30,250,200
image_name_733.jpg,50,30,250,200
image_name_734.jpg,50,30,250,200
image_name_735.jpg,50,30,250,200
image_name_736.jpg,50,30,250,200
image_name_737.jpg,50,30,250,200
image_name_738.jpg,50,30,250,200
image_name_739.jpg,50,30,250,200
image_name_740.jpg,50,30,250,200
image_name_741.jpg,50,30,250,200
image_name_742.jpg,50,30,250,200
image_name_743.jpg,50,30,250,200
image_name_744.jpg,50,30,250,200
image_name_745.jpg,50,30,250,200
image_name_746.jpg,50,30,250,200
image_name_747.jpg,50,30,250,200
image_name_748.jpg,50,30,250,200
image_name_749.jpg,50,30,250,200
image_name_750.jpg,50,30,250,200
image_name_751.jpg,50,30,250,200
image_name_752.jpg,50,30,250,200
image_name_753.jpg,50,30,250,200
image_name_754.jpg,50,30,250,200
image_name_755.jpg,50,30,250,200
image_name_756.jpg,50,30,250,200
image_name_757.jpg,50,30,250,200
image_name_758.jpg,50,30,250,200
image_name_759.jpg,50,30,250,200
image_name_760.jpg,50,30,250,200
image_name_761.jpg,50,30,250,200
image_name_762.jpg,50,30,250,200
image_name_763.jpg,50,30,250,200
image_name_764.jpg,50,30,250,200
image_name_765.jpg,50,30,250,200
image_name_766.jpg,50,30,250,200
image_name_767.jpg,50,30,250,200
image_name_768.jpg,50,30,250,200
image_name_769.jpg,50,30,250,200
image_name_770.jpg,50,30,250,200
image_name_771.jpg,50,30,250,200
image_name_772.jpg,50,30,250,200
image_name_773.jpg,50,30,250,200
image_name_774.jpg,50,30,250,200
image_name_775.jpg,50,30,250,200
image_name_776.jpg,50,30,250,200
image_name_777.jpg,50,30,250,200
image_name_778.jpg,50,30,250,200
image_name_779.jpg,50,30,250,200
image_name_780.jpg,50,30,250,200
image_name_781.jpg,50,30,250,200
image_name_782.jpg,50,30,250,200
image_name_783.jpg,50,30,250,200
image_name_784.jpg,50,30,250,200
image_name_785.jpg,50,30,250,200
image_name_786.jpg,50,30,250,200
image_name_787.jpg,50,30,250,200
image_name_788.jpg,50,30,250,200
image_name_789.jpg,50,30,250,200
image_name_790.jpg,50,30,250,200
image_name_791.jpg,50,30,250,200
image_name_792.jpg,50,30,250,200
image_name_793.jpg,50,30,250,200
image_name_794.jpg,50,30,250,200
image_name_795.jpg,50,30,250,200
image_name_796.jpg,50,30,250,200
image_name_797.jpg,50,30,250,200
image_name_798.jpg,50,30,250,200
image_name_799.jpg,50,30,250,200
image_name_800.jpg,50,30,250,200
image_name_801.jpg,50,30,250,200
image_name_802.jpg,50,30,250,200
image_name_803.jpg,50,30,250,200
image_name_804.jpg,50,30,250,200
image_name_805.jpg,50,30,250,200
image_name_806.jpg,50,30,250,200
image_name_807.jpg,50,30,250,200
image_name_808.jpg,50,30,250,200
image_name_809.jpg,50,30,250,200
image_name_810.jpg,50,30,250,200
image_name_811.jpg,50,30,250,200
image_name_812.jpg,50,30,250,200
image_name_813.jpg,50,30,250,200
image_name_814.jpg,50,30,250,200
image_name_815.jpg,50,30,250,200
image_name_816.jpg,50,30,250,200
image_name_817.jpg,50,30,250,200
image_name_818.jpg,50,30,250,200
image_name_819.jpg,50,30,250,200
image_name_820.jpg,50,30,250,200
image_name_821.jpg,50,30,250,200
image_name_822.jpg,50,30,250,200
image_name_823.jpg,50,30,250,200
image_name_824.jpg,50,30,250,200
image_name_825.jpg,50,30,250,200
image_name_826.jpg,50,30,250,200
image_name_827.jpg,50,30,250,200
image_name_828.jpg,50,30,250,200
image_name_829.jpg,50,30,250,200
image_name_830.jpg,50,30,250,200
image_name_831.jpg,50,30,250,200
image_name_832.jpg,50,30,250,200
image_name_833.jpg,50,30,250,200
image_name_834.jpg,50,30,250,200
image_name_835.jpg,50,30,250,200
image_name_836.jpg,50,30,250,200
image_name_837.jpg,50,30,250,200
image_name_838.jpg,50,30,250,200
image_name_839.jpg,50,30,250,200
image_name_840.jpg,50,30,250,200
image_name_841.jpg,50,30,250,200
image_name_842.jpg,50,30,250,200
image_name_843.jpg,50,30,250,200
image_name_844.jpg,50,30,250,200
image_name_845.jpg,50,30,250,200
image_name_846.jpg,50,30,250,200
image_name_847.jpg,50,30,250,200
image_name_848.jpg,50,30,250,200
image_name_849.jpg,50,30,250,200
image_name_850.jpg,50,30,250,200
image_name_851.jpg,50,30,250,200
image_name_852.jpg,50,30,250,200
image_name_853.jpg,50,30,250,200
image_name_854.jpg,50,30,250,200
image_name_855.jpg,50,30,250,200
image_name_856.jpg,50,30,250,200
image_name_857.jpg,50,30,250,200
image_name_858.jpg,50,30,250,200
image_name_859.jpg,50,30,250,200
image_name_860.jpg,50,30,250,200
image_name_861.jpg,50,30,250,200
image_name_862.jpg,50,30,250,200
image_name_863.jpg,50,30,250,200
image_name_864.jpg,50,30,250,200
image_name_865.jpg,50,30,250,200
image_name_866.jpg,50,30,250,200
image_name_867.jpg,50,30,250,200
image_name_868.jpg,50,30,250,200
image_name_869.jpg,50,30,250,200
image_name_870.jpg,50,30,250,200
image_name_871.jpg,50,30,250,200
image_name_872.jpg,50,30,250,200
image_name_873.jpg,50,30,250,200
image_name_874.jpg,50,30,250,200
image_name_875.jpg,50,30,250,200
image_name_876.jpg,50,30,250,200
image_name_877.jpg,50,30,250,200
image_name_878.jpg,50,30,250,200
image_name_879.jpg,50,30,250,200
image_name_880.jpg,50,30,250,200
image_name_881.jpg,50,30,250,200
image_name_882.jpg,50,30,250,200
image_name_883.jpg,50,30,250,200
image_name_884.jpg,50,30,250,200
image_name_885.jpg,50,30,250,200
image_name_886.jpg,50,30,250,200
image_name_887.jpg,50,30,250,200
image_name_888.jpg,50,30,250,200
image_name_889.jpg,50,30,250,200
image_name_890.jpg,50,30,250,200
image_name_891.jpg,50,30,250,200
image_name_892.jpg,50,30,250,200
image_name_893.jpg,50,30,250,200
image_name_894.jpg,50,30,250,200
image_name_895.jpg,50,30,250,200
image_name_896.jpg,50,30,250,200
image_name_897.jpg,50,30,250,200
image_name_898.jpg,50,30,250,200
image_name_899.jpg,50,30,250,200
image_name_900.jpg,50,30,250,200
image_name_901.jpg,50,30,250,200
image_name_902.jpg,50,30,250,200
image_name_903.jpg,50,30,250,200
image_name_904.jpg,50,30,250,200
image_name_905.jpg,50,30,250,200
image_name_906.jpg,50,30,250,200
image_name_907.jpg,50,30,250,200
image_name_908.jpg,50,30,250,200
image_name_909.jpg,50,30,250,200
image_name_910.jpg,50,30,250,200
image_name_911.jpg,50,30,250,200
image_name_912.jpg,50,30,250,200
image_name_913.jpg,50,30,250,200
image_name_914.jpg,50,30,250,200
image_name_915.jpg,50,30,250,200
image_name_916.jpg,50,30,250,200
image_name_917.jpg,50,30,250,200
image_name_918.jpg,50,30,250,200
image_name_919.jpg,50,30,250,200
image_name_920.jpg,50,30,250,200
image_name_921.jpg,50,30,250,200
image_name_922.jpg,50,30,250,200
image_name_923.jpg,50,30,250,200
image_name_924.jpg,50,30,250,200
image_name_925.jpg,50,30,250,200
image_name_926.jpg,50,30,250,200
image_name_927.jpg,50,30,250,200
image_name_928.jpg,50,30,250,200
image_name_929.jpg,50,30,250,200
image_name_930.jpg,50,30,250,200
image_name_931.jpg,50,30,250,200
image_name_932.jpg,50,30,250,200
image_name_933.jpg,50,30,250,200
image_name_934.jpg,50,30,250,200
image_name_935.jpg,50,30,250,200
image_name_936.jpg,50,30,250,200
image_name_937.jpg,50,30,250,200
image_name_938.jpg,50,30,250,200
image_name_939.jpg,50,30,250,200
image_name_940.jpg,50,30,250,200
image_name_941.jpg,50,30,250,200
image_name_942.jpg,50,30,250,200
image_name_943.jpg,50,30,250,200
image_name_944.jpg,50,30,250,200
image_name_945.jpg,50,30,250,200
image_name_946.jpg,50,30,250,200
image_name_947.jpg,50,30,250,200
image_name_948.jpg,50,30,250,200
image_name_949.jpg,50,30,250,200
image_name_950.jpg,50,30,250,200
image_name_951.jpg,50,30,250,200
image_name_952.jpg,50,30,250,200
image_name_953.jpg,50,30,250,200
image_name_954.jpg,50,30,250,200
image_name_955.jpg,50,30,250,200
image_name_956.jpg,50,30,250,200
image_name_957.jpg,50,30,250,200
image_name_958.jpg,50,30,250,200
image_name_959.jpg,50,30,250,200
image_name_960.jpg,50,30,250,200
image_name_961.jpg,50,30,250,200
image_name_962.jpg,50,30,250,200
image_name_963.jpg,50,30,250,200
image_name_964.jpg,50,30,250,200
image_name_965.jpg,50,30,250,200
image_name_966.jpg,50,30,250,200
image_name_967.jpg,50,30,250,200
image_name_968.jpg,50,30,250,200
image_name_969.jpg,50,30,250,200
image_name_970.jpg,50,30,250,200
image_name_971.jpg,50,30,250,200
image_name_972.jpg,50,30,250,200
image_name_973.jpg,50,30,250,200
image_name_974.jpg,50,30,250,200
image_name_975.jpg,50,30,250,200
image_name_976.jpg,50,30,250,200
image_name_977.jpg,50,30,250,200
image_name_978.jpg,50,30,250,200
image_name_979.jpg,50,30,250,200
image_name_980.jpg,50,30,250,200
image_name_981.jpg,50,30,250,200
image_name_982.jpg,50,30,250,200
image_name_983.jpg,50,30,250,200
image_name_984.jpg,50,30,250,200
image_name_985.jpg,50,30,250,200
image_name_986.jpg,50,30,250,200
image_name_987.jpg,50,30,250,200
image_name_988.jpg,50,30,250,200
image_name_989.jpg,50,30,250,200
image_name_990.jpg,50,30,250,200
image_name_991.jpg,50,30,250,200
image_name_992.jpg,50,30,250,200
image_name_993.jpg,50,30,250,200
image_name_994.jpg,50,30,250,200
image_name_995.jpg,50,30,250,200
image_name_996.jpg,50,30,250,200
image_name_997.jpg,50,30,250,200
image_name_998.jpg,50,30,250,200
image_name_999.jpg,50,30,250,200
image_name_1000.jpg,50,30,250,200
image_name_1001.jpg,50,30,250,200
image_name_1002.jpg,50,30,250,200
image_name_1003.jpg,50,30,250,200
image_name_1004.jpg,50,30,250,200
image_name_1005.jpg,50,30,250,200
image_name_1006.jpg,50,30,250,200
image_name_1007.jpg,50,30,250,200
image_name_1008.jpg,50,30,250,200
image_name_1009.jpg,50,30,250,200
image_name_1010.jpg,50,30,250,200
image_name_1011.jpg,50,30,250,200
image_name_1012.jpg,50,30,250,200
image_name_1013.jpg,50,30,250,200
image_name_1014.jpg,50,30,250,200
image_name_1015.jpg,50,30,250,200
image_name_1016.jpg,50,30,250,200
image_name_1017.jpg,50,30,250,200
image_name_1018.jpg,50,30,250,200
image_name_1019.jpg,50,30,250,200
image_name_1020.jpg,50,30,250,200
image_name_1021.jpg,50,30,250,200
image_name_1022.jpg,50,30,250,200
image_name_1023.jpg,50,30,250,200
image_name_1024.jpg,50,30,250,200
image_name_1025.jpg,50,30,250,200
image_name_1026.jpg,50,30,250,200
image_name_1027.jpg,50,30,250,200
image_name_1028.jpg,50,30,250,200
image_name_1029.jpg,50,30,250,200
image_name_1030.jpg,50,30,250,200
image_name_1031.jpg,50,30,250,200
image_name_1032.jpg,50,30,250,200
image_name_1033.jpg,50,30,250,200
image_name_1034.jpg,50,30,250,200
image_name_1035.jpg,50,30,250,200
image_name_1036.jpg,50,30,250,200
image_name_1037.jpg,50,30,250,200
image_name_1038.jpg,50,30,250,200
image_name_1039.jpg,50,30,250,200
image_name_1040.jpg,50,30,250,200
image_name_1041.jpg,50,30,250,200
image_name_1042.jpg,50,30,250,200
image_name_1043.jpg,50,30,250,200
image_name_1044.jpg,50,30,250,200
image_name_1045.jpg,50,30,250,200
image_name_1046.jpg,50,30,250,200
image_name_1047.jpg,50,30,250,200
image_name_1048.jpg,50,30,250,200
image_name_1049.jpg,50,30,250,200
image_name_1050.jpg,50,30,250,200
image_name_1051.jpg,50,30,250,200
image_name_1052.jpg,50,30,250,200
image_name_1053.jpg,50,30,250,200
image_name_1054.jpg,50,30,250,200
image_name_1055.jpg,50,30,250,200
image_name_1056.jpg,50,30,250,200
image_name_1057.jpg,50,30,250,200
image_name_1058.jpg,50,30,250,200
image_name_1059.jpg,50,30,250,200
image_name_1060.jpg,50,30,250,200
image_name_1061.jpg,50,30,250,200
image_name_1062.jpg,50,30,250,200
image_name_1063.jpg,50,30,250,200
image_name_1064.jpg,50,30,250,200
image_name_1065.jpg,50,30,250,200
image_name_1066.jpg,50,30,250,200
image_name_1067.jpg,50,30,250,200
image_name_1068.jpg,50,30,250,200
image_name_1069.jpg,50,30,250,200
image_name_1070.jpg,50,30,250,200
image_name_1071.jpg,50,30,250,200
image_name_1072.jpg,50,30,250,200
image_name_1073.jpg,50,30,250,200
image_name_1074.jpg,50,30,250,200
image_name_1075.jpg,50,30,250,200
image_name_1076.jpg,50,30,250,200
image_name_1077.jpg,50,30,250,200
image_name_1078.jpg,50,30,250,200
image_name_1079.jpg,50,30,250,200
image_name_1080.jpg,50,30,250,200
image_name_1081.jpg,50,30,250,200
image_name_1082.jpg,50,30,250,200
image_name_1083.jpg,50,30,250,200
image_name_1084.jpg,50,30,250,200
image_name_1085.jpg,50,30,250,200
image_name_1086.jpg,50,30,250,200
image_name_1087.jpg,50,30,250,200
image_name_1088.jpg,50,30,250,200
image_name_1089.jpg,50,30,250,200
image_name_1090.jpg,50,30,250,200
image_name_1091.jpg,50,30,250,200
image_name_1092.jpg,50,30,250,200
image_name_1093.jpg,50,30,250,200
image_name_1094.jpg,50,30,250,200
image_name_1095.jpg,50,30,250,200
image_name_1096.jpg,50,30,250,200
image_name_1097.jpg,50,30,250,200
image_name_1098.jpg,50,30,250,200
image_name_1099.jpg,50,30,250,200
image_name_1100.jpg,50,30,250,200
image_name_1101.jpg,50,30,250,200
image_name_1102.jpg,50,30,250,200
image_name_1103.jpg,50,30,250,200
image_name_1104.jpg,50,30,250,200
image_name_1105.jpg,50,30,250,200
image_name_1106.jpg,50,30,250,200
image_name_1107.jpg,50,30,250,200
image_name_1108.jpg,50,30,250,200
image_name_1109.jpg,50,30,250,200
image_name_1110.jpg,50,30,250,200
image_name_1111.jpg,50,30,250,200
image_name_1112.jpg,50,30,250,200
image_name_1113.jpg,50,30,250,200
image_name_1114.jpg,50,30,250,200
image_name_1115.jpg,50,30,250,200
image_name_1116.jpg,50,30,250,200
image_name_1117.jpg,50,30,250,200
image_name_1118.jpg,50,30,250,200
image_name_1119.jpg,50,30,250,200
image_name_1120.jpg,50,30,250,200
image_name_1121.jpg,50,30,250,200
image_name_1122.jpg,50,30,250,200
image_name_1123.jpg,50,30,250,200
image_name_1124.jpg,50,30,250,200
image_name_1125.jpg,50,30,250,200
image_name_1126.jpg,50,30,250,200
image_name_1127.jpg,50,30,250,200
image_name_1128.jpg,50,30,250,200
image_name_1129.jpg,50,30,250,200
image_name_1130.jpg,50,30,250,200
image_name_1131.jpg,50,30,250,200
image_name_1132.jpg,50,30,250,200
image_name_1133.jpg,50,30,250,200
image_name_1134.jpg,50,30,250,200
image_name_1135.jpg,50,30,250,200
image_name_1136.jpg,50,30,250,200
image_name_1137.jpg,50,30,250,200
image_name_1138.jpg,50,30,250,200
image_name_1139.jpg,50,30,250,200
image_name_1140.jpg,50,30,250,200
image_name_1141.jpg,50,30,250,200
image_name_1142.jpg,50,30,250,200
image_name_1143.jpg,50,30,250,200
image_name_1144.jpg,50,30,250,200
image_name_1145.jpg,50,30,250,200
image_name_1146.jpg,50,30,250,200
image_name_1147.jpg,50,30,250,200
image_name_1148.jpg,50,30,250,200
image_name_1149.jpg,50,30,250,200
image_name_1150.jpg,50,30,250,200
image_name_1151.jpg,50,30,250,200
image_name_1152.jpg,50,30,250,200
image_name_1153.jpg,50,30,250,200
image_name_1154.jpg,50,30,250,200
image_name_1155.jpg,50,30,250,200
image_name_1156.jpg,50,30,250,200
image_name_1157.jpg,50,30,250,200
image_name_1158.jpg,50,30,250,200
image_name_1159.jpg,50,30,250,200
image_name_1160.jpg,50,30,250,200
image_name_1161.jpg,50,30,250,200
image_name_1162.jpg,50,30,250,200
image_name_1163.jpg,50,30,250,200
image_name_1164.jpg,50,30,250,200
image_name_1165.jpg,50,30,250,200
image_name_1166.jpg,50,30,250,200
image_name_1167.jpg,50,30,250,200
image_name_1168.jpg,50,30,250,200
image_name_1169.jpg,50,30,250,200
image_name_1170.jpg,50,30,250,200
image_name_1171.jpg,50,30,250,200
image_name_1172.jpg,50,30,250,200
image_name_1173.jpg,50,30,250,200
image_name_1174.jpg,50,30,250,200
image_name_1175.jpg,50,30,250,200
image_name_1176.jpg,50,30,250,200
image_name_1177.jpg,50,30,250,200
image_name_1178.jpg,50,30,250,200
image_name_1179.jpg,50,30,250,200
image_name_1180.jpg,50,30,250,200
image_name_1181.jpg,50,30,250,200
image_name_1182.jpg,50,30,250,200
image_name_1183.jpg,50,30,250,200
image_name_1184.jpg,50,30,250,200
image_name_1185.jpg,50,30,250,200
image_name_1186.jpg,50,30,250,200
image_name_1187.jpg,50,30,250,200
image_name_1188.jpg,50,30,250,200
image_name_1189.jpg,50,30,250,200
image_name_1190.jpg,50,30,250,200
image_name_1191.jpg,50,30,250,200
image_name_1192.jpg,50,30,250,200
image_name_1193.jpg,50,30,250,200
image_name_1194.jpg,50,30,250,200
image_name_1195.jpg,50,30,250,200
image_name_1196.jpg,50,30,250,200
image_name_1197.jpg,50,30,250,200
image_name_1198.jpg,50,30,250,200
image_name_1199.jpg,50,30,250,200
image_name_1200.jpg,50,30,250,200
image_name_1201.jpg,50,30,250,200
image_name_1202.jpg,50,30,250,200
image_name_1203.jpg,50,30,250,200
image_name_1204.jpg,50,30,250,200
image_name_1205.jpg,50,30,250,200
image_name_1206.jpg,50,30,250,200
image_name_1207.jpg,50,30,250,200
image_name_1208.jpg,50,30,250,200
image_name_1209.jpg,50,30,250,200
image_name_1210.jpg,50,30,250,200
image_name_1211.jpg,50,30,250,200
image_name_1212.jpg,50,30,250,200
image_name_1213.jpg,50,30,250,200
image_name_1214.jpg,50,30,250,200
image_name_1215.jpg,50,30,250,200
image_name_1216.jpg,50,30,250,200
image_name_1217.jpg,50,30,250,200
image_name_1218.jpg,50,30,250,200
image_name_1219.jpg,50,30,250,200
image_name_1220.jpg,50,30,250,200
image_name_1221.jpg,50,30,250,200
image_name_1222.jpg,50,30,250,200
image_name_1223.jpg,50,30,250,200
image_name_1224.jpg,50,30,250,200
image_name_1225.jpg,50,30,250,200
image_name_1226.jpg,50,30,250,200
image_name_1227.jpg,50,30,250,200
image_name_1228.jpg,50,30,250,200
image_name_1229.jpg,50,30,250,200
image_name_1230.jpg,50,30,250,200
image_name_1231.jpg,50,30,250,200
image_name_1232.jpg,50,30,250,200
image_name_1233.jpg,50,30,250,200
image_name_1234.jpg,50,30,250,200
image_name_1235.jpg,50,30,250,200
image_name_1236.jpg,50,30,250,200
image_name_1237.jpg,50,30,250,200
image_name_1238.jpg,50,30,250,200
image_name_1239.jpg,50,30,250,200
image_name_1240.jpg,50,30,250,200
image_name_1241.jpg,50,30,250,200
image_name_1242.jpg,50,30,250,200
image_name_1243.jpg,50,30,250,200
image_name_1244.jpg,50,30,250,200
image_name_1245.jpg,50,30,250,200
image_name_1246.jpg,50,30,250,200
image_name_1247.jpg,50,30,250,200
image_name_1248.jpg,50,30,250,200
image_name_1249.jpg,50,30,250,200
image_name_1250.jpg,50,30,250,200
image_name_1251.jpg,50,30,250,200
image_name_1252.jpg,50,30,250,200
image_name_1253.jpg,50,30,250,200
image_name_1254.jpg,50,30,250,200
image_name_1255.jpg,50,30,250,200
image_name_1256.jpg,50,30,250,200
image_name_1257.jpg,50,30,250,200
image_name_1258.jpg,50,30,250,200
image_name_1259.jpg,50,30,250,200
image_name_1260.jpg,50,30,250,200
image_name_1261.jpg,50,30,250,200
image_name_1262.jpg,50,30,250,200
image_name_1263.jpg,50,30,250,200
image_name_1264.jpg,50,30,250,200
image_name_1265.jpg,50,30,250,200
image_name_1266.jpg,50,30,250,200
image_name_1267.jpg,50,30,250,200
image_name_1268.jpg,50,30,250,200
image_name_1269.jpg,50,30,250,200
image_name_1270.jpg,50,30,250,200
image_name_1271.jpg,50,30,250,200
image_name_1272.jpg,50,30,250,200
